,year,origin,destination,total_value,pct,pct_acum
27,2016,Spain,Germany,1356000000,15.8837999297177,15.8837999297177
18,2016,China,Singapore,1068000000,12.510249502167037,28.39404943188474
29,2016,USA,Germany,954000000,11.174885791261568,39.568935223146305
16,2016,Australia,Japan,920000000,10.776619421342392,50.3455546444887
24,2016,Singapore,Thailand,837000000,9.804380930069112,60.149935574557816
19,2016,China,Thailand,791000000,9.26554995900199,69.4154855335598
22,2016,Malaysia,Thailand,535000000,6.266838467845847,75.68232400140565
