,year,origin,destination,total_value,pct,pct_acum
72,2019,Japan,United Arab Emirates,1970000000,19.292919400646362,19.292919400646362
77,2019,South Korea,United Arab Emirates,1661000000,16.26677112917442,35.559690529820784
67,2019,China,Japan,1493000000,14.62148663206346,50.18117716188424
68,2019,China,United Arab Emirates,1170000000,11.458231319165606,61.63940848104985
69,2019,Germany,China,956000000,9.362452257369503,71.00186073841935
75,2019,Russia,India,851000000,8.334149446675154,79.33601018509451
