,year,origin,destination,total_value,pct,pct_acum
56,2018,Japan,Mexico,2160000000,22.265745799402122,22.265745799402122
50,2018,China,United Arab Emirates,1284000000,13.235748891866818,35.50149469126894
60,2018,Mexico,Japan,1108000000,11.42150293784146,46.9229976291104
48,2018,China,Japan,1000000000,10.308215647871354,57.23121327698175
54,2018,Italy,Mexico,680000000,7.00958664055252,64.24079991753428
63,2018,Spain,Mexico,450000000,4.638697041542109,68.87949695907639
58,2018,Mexico,China,445000000,4.587155963302752,73.46665292237914
65,2018,USA,Japan,381000000,3.9274301618389855,77.39408308421812
