,year,origin,destination,total_value,pct,pct_acum
34,2017,Germany,Mexico,1744000000,19.262204550474927,19.262204550474927
38,2017,Japan,Mexico,1316000000,14.535012149326265,33.79721669980119
42,2017,South Korea,Mexico,1020000000,11.265738899933732,45.06295559973492
40,2017,Malaysia,Thailand,964000000,10.647227744643251,55.71018334437817
32,2017,China,Thailand,930000000,10.27170311464546,65.98188645902363
33,2017,France,Poland,718000000,7.930196598188646,73.91208305721227
