,year,origin,destination,total_value,pct,pct_acum
10,2015,Mexico,USA,1702000000,20.748506643910765,20.748506643910765
11,2015,Singapore,Thailand,1064000000,12.970864317932463,33.719370961843225
8,2015,Malaysia,Thailand,778000000,9.484334999390468,43.203705961233695
1,2015,China,Thailand,759000000,9.25271242228453,52.456418383518226
12,2015,South Korea,Germany,738000000,8.996708521272705,61.453126904790935
14,2015,USA,Germany,666000000,8.118980860660734,69.57210776545168
15,2015,USA,Thailand,664000000,8.094599536754846,77.66670730220652
